Workbook

Sheet monthly-averages
A1: Month | B1: London Mean Roadside Nitric Oxide (ug/m3) | C1: London Mean Roadside Nitrogen Dioxide (ug/m3) | D1: London Mean Roadside Oxides of Nitrogen (ug/m3) | E1: London Mean Roadside Ozone (ug/m3) | F1: London Mean Roadside PM10 Particulate (ug/m3) | G1: London Mean Roadside PM2.5 Particulate (ug/m3) | H1: London Mean Roadside Sulphur Dioxide (ug/m3) | I1: London Mean Background Nitric Oxide (ug/m3) | J1: London Mean Background Nitrogen Dioxide (ug/m3) | K1: London Mean Background Oxides of Nitrogen (ug/m3) | L1: London Mean Background Ozone (ug/m3) | M1: London Mean Background PM10 Particulate (ug/m3) | N1: London Mean Background PM2.5 Particulate (ug/m3) | O1: London Mean Background Sulphur Dioxide (ug/m3)
A2: 40179 | B2: 100.50376 | C2: 65.680242 | D2: 166.41263 | E2: 14.032258 | F2: 30.172715 | G2: 24.342742 | H2: 4.7299731 | I2: 45.19879 | J2: 51.902957 | K2: 97.196371 | L2: 17.350806 | M2: 25.039113 | N2: 22.084409 | O2: 4.2045699
A3: 40210 | B3: 78.787946 | C3: 63.870238 | D3: 142.75089 | E3: 23.813095 | F3: 25.194345 | G3: 18.335119 | H3: 4.5869048 | I3: 29.289137 | J3: 47.654762 | K3: 76.995982 | L3: 29.827381 | M3: 19.404167 | N3: 15.945982 | O3: 3.2309524
A4: 40238 | B4: 72.375538 | C4: 59.835484 | D4: 120.64167 | E4: 26.424731 | F4: 25.612903 | G4: 15.860349 | H4: 3.4293011 | I4: 22.999059 | J4: 40.816263 | K4: 63.824597 | L4: 42.519355 | M4: 19.396371 | N4: 14.077823 | O4: 2.6969086
A5: 40269 | B5: 63.911111 | C5: 60.154444 | D5: 124.04694 | E5: 37.173333 | F5: 29.757361 | G5: 18.816528 | H5: 4.6402778 | I5: 20.9075 | J5: 41.904167 | K5: 62.830972 | L5: 50.208333 | M5: 24.330417 | N5: 16.269583 | O5: 4.1236111
A6: 40299 | B6: 60.860887 | C6: 53.230108 | D6: 114.09691 | E6: 35.091263 | F6: 24.535349 | G6: 16.191129 | H6: 3.8834677 | I6: 17.323925 | J6: 33.097043 | K6: 50.479301 | L6: 47.232796 | M6: 19.859946 | N6: 13.231317 | O6: 3.1751344
A7: 40330 | B7: 55.218472 | C7: 53.858611 | D7: 109.1 | E7: 34.009722 | F7: 26.518056 | G7: 17.441944 | H7: 4.4145833 | I7: 13.358056 | J7: 33.682222 | K7: 47.082917 | L7: 50.175972 | M7: 21.970833 | N7: 15.075417 | O7: 3.1831944
A8: 40360 | B8: 58.707124 | C8: 46.508602 | D8: 105.2418 | E8: 28.566801 | F8: 20.901075 | G8: 12.45336 | H8: 3.1389785 | I8: 11.53414 | J8: 25.108871 | K8: 36.626344 | L8: 42.752285 | M8: 16.523656 | N8: 8.9344086 | O8: 2.6235215
A9: 40391 | B9: 60.603763 | C9: 46.615188 | D9: 107.24583 | E9: 24.251075 | F9: 18.140995 | G9: 10.974462 | H9: 3.255914 | I9: 12.955914 | J9: 26.137634 | K9: 39.064113 | L9: 35.89879 | M9: 15.36129 | N9: 8.9446237 | O9: 1.9862903
A10: 40422 | B10: 78.137917 | C10: 57.153194 | D10: 135.34597 | E10: 20.343194 | F10: 23.825278 | G10: 14.459583 | H10: 3.5938889 | I10: 23.937917 | J10: 35.427778 | K10: 59.377222 | L10: 31.809028 | M10: 14.485556 | N10: 11.435556 | O10: 2.6813889
A11: 40452 | B11: 82.048253 | C11: 59.568683 | D11: 141.59301 | E11: 19.227554 | F11: 25.24086 | G11: 15.906183 | H11: 3.5498656 | I11: 30.712231 | J11: 38.484812 | K11: 69.201478 | L11: 27.729973 | M11: 19.952419 | N11: 12.965591 | O11: 2.7427419
A12: 40483 | B12: 116.55597 | C12: 65.670139 | D12: 182.23931 | E12: 15.441806 | F12: 28.232222 | G12: 21.892917 | H12: 4.1670833 | I12: 60.600833 | J12: 46.879583 | K12: 107.45833 | L12: 20.416667 | M12: 22.530556 | N12: 18.1975 | O12: 3.6854167
A13: 40513 | B13: 111.17177 | C13: 71.321505 | D13: 182.40349 | E13: 10.658199 | F13: 27.193011 | G13: 22.61371 | H13: 3.9047043 | I13: 54.852151 | J13: 53.892204 | K13: 108.80013 | L13: 13.869489 | M13: 21.691801 | N13: 19.242608 | O13: 3.6836022
... A109: 43435 | B109: 51.264113 | C109: 47.75578 | D109: 126.34355 | E109: 22.682258 | F109: 20.296371 | G109: 11.625403 | H109: 2.3163445 | I109: 19.135618 | J109: 32.771505 | K109: 61.09207 | L109: 30.221774 | M109: 15.561156 | N109: 9.8670699 | O109: 1.9858871

Sheet Sheet1
A1: N | B1: 13
A2: p | B2: 0.06
A3: dataset attribute: London Mean Background Sulphur Dioxide (ug/m3)
A5: LONDON air quality dataset
A7: x | B7: Binomial distribution
A8: ='monthly-averages'!O2 -> 4.2045699 | B8: =BINOMDIST(A8,B1,B2,1) -> 0.99933456
A9: ='monthly-averages'!O3 -> 3.2309524 | B9: =BINOMDIST(A9,B1,B2,) -> 0.033273487
A10: ='monthly-averages'!O4 -> 2.6969086 | B10: =BINOMDIST(A10,B1,B2,TRUE) -> 0.96075148
A11: ='monthly-averages'!O5 -> 4.1236111 | B11: =BINOMDIST(A11,B1,B2,TRUE) -> 0.99933456
A12: ='monthly-averages'!O6 -> 3.1751344 | B12: =BINOMDIST(A12,B1,B2,FALSE) -> 0.033273487
A13: ='monthly-averages'!O7 -> 3.1831944 | B13: =BINOMDIST(A13,B1,B2,FALSE) -> 0.033273487
A14: ='monthly-averages'!O8 -> 2.6235215 | B14: =BINOMDIST(A14,B1,B2,) -> 0.14216854
A15: ='monthly-averages'!O9 -> 1.9862903 | B15: =BINOMDIST(A15,B1,B2,FALSE) -> 0.37121785
A16: ='monthly-averages'!O10 -> 2.6813889 | B16: =BINOMDIST(A16,B1,B2,FALSE) -> 0.14216854
A17: ='monthly-averages'!O11 -> 2.7427419 | B17: =BINOMDIST(A17,B1,B2,) -> 0.14216854
A18: ='monthly-averages'!O12 -> 3.6854167 | B18: =BINOMDIST(A18,B1,B2,) -> 0.033273487
A19: ='monthly-averages'!O13 -> 3.6836022 | B19: =BINOMDIST(A19,B1,B2,FALSE) -> 0.033273487
A20: ='monthly-averages'!O14 -> 3.461828 | B20: =BINOMDIST(A20,B1,B2,) -> 0.033273487
